token,frequency,sentiment_tag
scam,0.0045000848269368,negative
wrong,0.0022129578759755744,negative
people,0.0021821179445904865,negative
crash,0.0020409735320467207,negative
shit,0.0020309906224443217,negative
problem,0.0020045232737905504,negative
bad,0.001997612604850019,negative
attack,0.0018657923158818584,negative
fuck,0.001737810683044531,negative
ban,0.0017271257244297765,negative
fud,0.0014005982417727063,negative
dont,0.0013939889707372125,negative
fake,0.0012554182870222314,negative
lose,0.0011355101328278533,negative
war,0.0010513156122011888,negative
url,0.0010092035215832499,negative
even,0.0009826465293453512,negative
stupid,0.0009543211141515092,negative
hacked,0.0009268501485820849,negative
fraud,0.0009191148497245989,negative
stop,0.0008645324875483449,negative
hell,0.000831475347437978,negative
stolen,0.0008299848246864908,negative
government,0.0007806008722732742,negative
lost,0.0007626127095079674,negative
hate,0.0007577317739097757,negative
wtf,0.000751433098083561,negative
loss,0.0007443263966219291,negative
banned,0.0007237795143441776,negative
panic,0.0007163885328172981,negative
money,0.0007035278924263193,negative
fear,0.0006793788140540002,negative
dead,0.0006745743066140108,negative
going,0.000615436244441706,negative
dumb,0.0006088148249237554,negative
death,0.0006085316841193635,negative
illegal,0.0005874130662441984,negative
worst,0.0005810306999172597,negative
crisis,0.0005684037853364935,negative
youre,0.0005648762669001458,negative
kill,0.0005632519984876731,negative
die,0.0005564648218604268,negative
low,0.0005360698700269188,negative
threat,0.0005339625692655216,negative
dump,0.000532634201379024,negative
could,0.0005183344026559373,negative
bullshit,0.0005122933626544255,negative
risk,0.0005114564576471843,negative
poor,0.0005017996661286559,negative
debt,0.0005010132430590636,negative
criminal,0.000493360495441446,negative
fail,0.0004892562141964426,negative
steal,0.00048587013054098927,negative
argument,0.00046968997915549266,negative
warning,0.0004694143430092706,negative
thats,0.0004575265739543207,negative
damn,0.0004509322254543023,negative
message,0.0004423042990519903,negative
size,0.0004420823347738129,negative
negative,0.00044018563460899117,negative
doesnt,0.0004364880009451418,negative
failed,0.00043595854460721644,negative
thing,0.00043531565037849057,negative
worse,0.0004349649387236153,negative
collapse,0.0004311203728998097,negative
fucking,0.00042622989643738507,negative
broke,0.0004224296750060853,negative
think,0.00042114092447040905,negative
idiot,0.000420205717496537,negative
drop,0.0003986104326697613,negative
one,0.0003937143177569673,negative
chain,0.00038750246450796396,negative
sad,0.0003869871205411712,negative
difficulty,0.0003867433258449975,negative
really,0.00038667102795282983,negative
as,0.00037091294577873716,negative
^balance,0.00036698377804552285,negative
^deposit,0.00036698377804552285,negative
^withdraw,0.00036698377804552285,negative
putinvoicehere,0.00036698377804552285,negative
^more,0.00036364363374777326,negative
^something,0.00036364363374777326,negative
^send,0.00036346783667947063,negative
never,0.0003601613711126158,negative
error,0.000357758639993063,negative
nothing,0.0003537125876595268,negative
point,0.00035160689632680463,negative
fucked,0.000350015608625236,negative
reason,0.0003483024525025352,negative
didnt,0.00034827879926717007,negative
tipping,0.00034748576848461505,negative
mean,0.00034309290691006715,negative
fool,0.0003419903478617016,negative
hard,0.0003365231375175758,negative
scared,0.0003348970607512115,negative
destroy,0.0003323517555899085,negative
china,0.0003308321400779036,negative
trouble,0.0003287823702079828,negative
weak,0.0003260690004887183,negative
got,0.00032505585717230957,negative
avoid,0.00031237297773831,negative
also,0.000312040736572773,negative
losing,0.00030904033809873023,negative
broken,0.00030899348733234204,negative
lower,0.0003075279849292467,negative
trying,0.0003070888412684856,negative
said,0.00030072171211005777,negative
arrested,0.0002997599332130278,negative
transaction,0.0002970313697156844,negative
bcash,0.0002947264125410335,negative
stealing,0.0002917726514446849,negative
info,0.0002897188091626384,negative
conspiracy,0.0002882796797574846,negative
isnt,0.0002867582414281106,negative
system,0.00028664362088602245,negative
fact,0.0002845301825794821,negative
spam,0.0002795817050577614,negative
many,0.00027782625521209484,negative
worry,0.00027574555530081015,negative
say,0.0002746935360440025,negative
satoshis,0.0002731095106849555,negative
insane,0.00027258029666267866,negative
hurt,0.00026794839636059626,negative
crazy,0.00026761340650552866,negative
there,0.0002668601919990115,negative
wont,0.00026677672935045864,negative
since,0.00026455482251045034,negative
worthless,0.0002629344275848869,negative
sie,0.00026261285208096114,negative
regret,0.0002618107361385157,negative
case,0.00026080645012982624,negative
useless,0.00026079416057606277,negative
anything,0.00025883561479199055,negative
theyre,0.0002571356307047832,negative
suck,0.000255963721378997,negative
back,0.00025299839767583014,negative
forced,0.0002522792597506409,negative
manipulation,0.0002495820386085718,negative
else,0.00024808834039016596,negative
either,0.0002468015826701206,negative
crime,0.00024097457551122914,negative
lie,0.00024024887326350915,negative
cause,0.00024018929170249248,negative
failure,0.0002366712996669001,negative
actually,0.0002348753644521597,negative
saying,0.000234703426407289,negative
man,0.00023270825427757456,negative
dick,0.0002323909935014229,negative
still,0.00022770795663213305,negative
probably,0.0002276037738994847,negative
financial,0.0002272601401253915,negative
completely,0.0002249479350716967,negative
bitch,0.00022313469755542797,negative
terrible,0.0002226609782185648,negative
getting,0.0002222477663148801,negative
evil,0.00021994738064712915,negative
greed,0.0002180977591008668,negative
killing,0.00021789125984337138,negative
fight,0.0002167914494845365,negative
cry,0.0002151474157870851,negative
tether,0.00021505031093521914,negative
prison,0.00021476511946128706,negative
enough,0.0002096342660852557,negative
talking,0.00020846281246381186,negative
sorry,0.00020656611229899014,negative
tired,0.00020622747680918452,negative
due,0.0002053666907144069,negative
would,0.00020452347816376105,negative
discord,0.0002044851989990115,negative
police,0.0002043476087780716,negative
literally,0.00020288938318097506,negative
cant,0.00020256441882143708,negative
dangerous,0.00020175613640689388,negative
0mb,0.00020045710359656229,negative
another,0.0002000065962541994,negative
nonsense,0.00019694843903650885,negative
hacker,0.0001958870633772078,negative
sick,0.00019558777399562052,negative
recession,0.00019454072409614583,negative
mined,0.0001944356588817678,negative
biggest,0.00019331265099190996,negative
country,0.0001914741797385556,negative
he,0.00019134090424538963,negative
sub,0.00018806216432602568,negative
idea,0.00018705605549996726,negative
everything,0.000186871386660468,negative
waste,0.0001842071317658256,negative
mad,0.0001826934114833154,negative
lot,0.00018208302779767409,negative
victim,0.00018068323003726133,negative
seriously,0.0001802484011042742,negative
lying,0.0001800257532695834,negative
power,0.00017833442756487884,negative
control,0.00017833237689533868,negative
attempt,0.00017755777321169035,negative
might,0.00017628717853231774,negative
scammer,0.0001755557799803195,negative
roger,0.00017512822785333118,negative
died,0.00017120519766526,negative
shitty,0.00016957731254500398,negative
holy,0.000169332834292317,negative
destroyed,0.00016771222597805965,negative
fiat,0.00016707205151191007,negative
likely,0.00016637794839859002,negative
person,0.00016442166667275172,negative
something,0.0001622566216311842,negative
doubt,0.00016205692901186778,negative
law,0.0001614394819089216,negative
fails,0.00016116952760350037,negative
nobody,0.0001599944428107958,negative
rejected,0.00015973244886788665,negative
lack,0.00015888462141990867,negative
ignore,0.00015680553093729905,negative
evidence,0.00015675208692142553,negative
calling,0.000156339771962948,negative
simply,0.00015623379533988546,negative
call,0.00015587651936247934,negative
someone,0.00015392730105394598,negative
danger,0.00015331960820392628,negative
killed,0.00015329663852507445,negative
suicide,0.00015264689426773754,negative
happen,0.00015236944976762372,negative
hater,0.0001519514385048681,negative
scary,0.00015172219742069193,negative
pump,0.00015102947588387604,negative
failing,0.00015088141892654158,negative
fault,0.00015084321207917888,negative
used,0.00015036927935362186,negative
right,0.0001489490472151942,negative
go,0.00014808868789780425,negative
greedy,0.00014791583844424902,negative
screwed,0.00014700615091354315,negative
afford,0.00014550926276474163,negative
rbtc,0.00014527956597622325,negative
blame,0.00014512605503025908,negative
enemy,0.0001450494134833626,negative
ridiculous,0.00014457592199867056,negative
claim,0.00014451770755068063,negative
drug,0.0001442552579034293,negative
misleading,0.00014372718314200808,negative
retarded,0.0001436812437843044,negative
ever,0.0001431463623847041,negative
believe,0.00014282273621123805,negative
wouldnt,0.0001426676303000761,negative
dirty,0.00014245066430618614,negative
india,0.000142132050880485,negative
difficult,0.0001413124192478175,negative
terrorist,0.00014111296894414965,negative
kind,0.00014090215495888008,negative
dumped,0.00014014233273940035,negative
economy,0.000139755265981486,negative
big,0.0001394332492366951,negative
pissed,0.00013931679141376084,negative
beware,0.00013885103243940978,negative
killer,0.00013869001683527578,negative
charge,0.0001382938504539936,negative
reject,0.00013828497868279701,negative
missing,0.00013770528272287125,negative
demand,0.00013767571979453406,negative
dude,0.00013761385971180617,negative
away,0.0001372270208060629,negative
happened,0.00013718744684567346,negative
angry,0.00013699322267846423,negative
thief,0.00013670280506807353,negative
matter,0.00013667597636578981,negative
rule,0.00013633097547867,negative
pain,0.00013583155223690144,negative
life,0.0001358142788623278,negative
scenario,0.00013493801328339094,negative
arent,0.00013322757692326635,negative
theft,0.00013287393211712102,negative
ver,0.00013225602930983259,negative
longer,0.00013206522292519025,negative
disaster,0.00013183393117147398,negative
empty,0.00012915149149357336,negative
crap,0.0001283793941838074,negative
whole,0.0001282297567247524,negative
hash,0.00012815925272299897,negative
must,0.00012808443399347147,negative
absolutely,0.0001271879329617363,negative
attacker,0.00012651407976469196,negative
proof,0.00012585956507523875,negative
shame,0.00012464148853957776,negative
ruin,0.00012424395504526887,negative
fire,0.0001240458718546278,negative
happens,0.0001236665376070544,negative
damage,0.00012366311982448748,negative
tried,0.00012343570155768036,negative
already,0.00012265383553151064,negative
attacked,0.00012240957066751736,negative
bankrupt,0.0001223713638201547,negative
poison,0.00012172161956281778,negative
post,0.00012132615120152629,negative
caused,0.00012118717940408235,negative
abuse,0.00012098022444224465,negative
medium,0.00012073870826778232,negative
unless,0.0001203170658337659,negative
loses,0.00012011693197358469,negative
wasnt,0.00011908625850347654,negative
accident,0.00011889362930146515,negative
fraudulent,0.00011880948309639879,negative
moron,0.00011831279408068378,negative
economic,0.00011791708340374392,negative
loser,0.0001176248429759842,negative
trump,0.00011741993868368662,negative
spreading,0.00011599718570789926,negative
cancer,0.0001155687221722264,negative
worried,0.00011524100912315756,negative
gon,0.00011486053561472851,negative
others,0.00011442502312522805,negative
making,0.00011405296568365328,negative
basically,0.0001140340828804045,negative
understand,0.00011373321299709661,negative
scheme,0.00011341481296008924,negative
mcafee,0.00011320785799825159,negative
elon,0.00011289834419591824,negative
suffer,0.00011210622482204774,negative
charged,0.00011128864385892036,negative
article,0.00011094888357173643,negative
chaos,0.00011067687859677501,negative
riot,0.00011056225805468694,negative
suspended,0.00011036349130753249,negative
bigger,0.00010848476253727516,negative
face,0.00010800308283789991,negative
freaking,0.00010761191474090525,negative
prove,0.00010755915428154508,negative
violence,0.00010752776853583888,negative
rat,0.00010728329028315185,negative
eventually,0.00010704791165383256,negative
criticism,0.00010681707560445856,negative
theory,0.00010604657325989045,negative
attacking,0.00010600677144732991,negative
harm,0.00010585394405787914,negative
always,0.00010575366373909471,negative
scare,0.000105112548937306,negative
verdienen,0.00010502067022189864,negative
genesis,0.00010451670440018491,negative
valid,0.00010418830779460263,negative
cut,0.00010331728281560173,negative
maybe,0.00010293999923756837,negative
annoying,0.00010268959682843215,negative
fix,0.00010191113412135196,negative
doomed,0.00010170349560300088,negative
force,0.00010154430281623586,negative
example,0.00010133939852393834,negative
russia,0.00010129186420103676,negative
bch,0.0001005786793592514,negative
sent,0.00010034624834467947,negative
false,0.00010030530727126323,negative
murder,0.00010009835230942555,negative
unfortunately,0.00010005309650823523,negative
prevent,9.990026911878446e-05,negative
entire,9.984045970559669e-05,negative
central,9.962805075512925e-05,negative
flash,9.937265006170551e-05,negative
try,9.910339377627495e-05,negative
couldnt,9.904470916046552e-05,negative
propaganda,9.860055275193953e-05,negative
yet,9.839906624220887e-05,negative
went,9.837381804164578e-05,negative
depression,9.82869376105259e-05,negative
know,9.786784494082365e-05,negative
musk,9.691445318369362e-05,negative
craig,9.605615899932113e-05,negative
jamie,9.595631992140164e-05,negative
tell,9.557130383302734e-05,negative
struggling,9.551239136504682e-05,negative
stress,9.546667985951425e-05,negative
sold,9.504322907160625e-05,negative
taken,9.493246755294996e-05,negative
able,9.488994597781314e-05,negative
obviously,9.449695506344948e-05,negative
zero,9.443714565026166e-05,negative
except,9.442804602689396e-05,negative
guilty,9.417469600301032e-05,negative
lawsuit,9.412921234964887e-05,negative
arrest,9.334165001920095e-05,negative
dimon,9.333460106537333e-05,negative
horrible,9.320405979826104e-05,negative
denies,9.276831945658943e-05,negative
hand,9.25040614554464e-05,negative
centralized,9.224229536470836e-05,negative
destroying,9.208810086223083e-05,negative
called,9.204489573058069e-05,negative
alone,9.177539712950167e-05,negative
care,9.171695482934069e-05,negative
quantum,9.145473303426044e-05,negative
retard,9.144608911523493e-05,negative
spamming,9.124732236808047e-05,negative
suspect,9.007814726834785e-05,negative
sadly,8.931355461675175e-05,negative
serious,8.927717058675806e-05,negative
fighting,8.882459811137774e-05,negative
wright,8.868018678878135e-05,negative
risky,8.838931347404839e-05,negative
denied,8.817462600186971e-05,negative
everyone,8.770137683282615e-05,negative
blind,8.763199762845103e-05,negative
manipulated,8.73265707017206e-05,negative
around,8.729542727166286e-05,negative
dumping,8.722718732814338e-05,negative
court,8.704434130601317e-05,negative
shill,8.695223473843468e-05,negative
side,8.65028521934501e-05,negative
result,8.63341040789751e-05,negative
pathetic,8.631727194526639e-05,negative
warns,8.528591491864481e-05,negative
gun,8.527044989796283e-05,negative
activity,8.520995692826169e-05,negative
fed,8.485199739434224e-05,negative
theyll,8.460592417645732e-05,negative
wasting,8.442944355164134e-05,negative
panicking,8.389431983639253e-05,negative
russian,8.380335252966965e-05,negative
abandon,8.344334232621007e-05,negative
adjustment,8.309970855211696e-05,negative
arguing,8.288547678428053e-05,negative
spread,8.22368717877993e-05,negative
eat,8.202241216779171e-05,negative
edit,8.195418668774959e-05,negative
anymore,8.15264067085901e-05,negative
environment,8.116616865295938e-05,negative
racist,8.10203902173362e-05,negative
actual,8.093829468181e-05,negative
laundering,8.074589333196976e-05,negative
normal,8.041818028290087e-05,negative
rejection,8.011843519697132e-05,negative
hack,7.953146243104683e-05,negative
inflation,7.94959898097376e-05,negative
emergency,7.943844445478386e-05,negative
troll,7.92094312227788e-05,negative
whatever,7.908867313554763e-05,negative
ugly,7.859743810846236e-05,negative
argue,7.857492413395276e-05,negative
youve,7.822446925820318e-05,negative
child,7.779577787035919e-05,negative
anyway,7.72461005431129e-05,negative
jail,7.710714320914623e-05,negative
actor,7.689313929348094e-05,negative
complete,7.674918367522678e-05,negative
replay,7.667163071964575e-05,negative
poverty,7.658725666240825e-05,negative
ponzi,7.649628935568539e-05,negative
thousand,7.63521058852601e-05,negative
bomb,7.627386937316572e-05,negative
massive,7.624544570568418e-05,negative
ad,7.612172554022833e-05,negative
fall,7.54358251050689e-05,negative
stuck,7.53428071288059e-05,negative
phishing,7.531869818909841e-05,negative
exist,7.507513134509593e-05,negative
twitter,7.492526603386973e-05,negative
doom,7.482155346904115e-05,negative
madness,7.464575640073854e-05,negative
may,7.459346610919786e-05,negative
protection,7.446313823077945e-05,negative
narrative,7.430985513698643e-05,negative
disappointed,7.400374465374264e-05,negative
banker,7.396622136289332e-05,negative
stopped,7.389731232633778e-05,negative
alleged,7.377450356956647e-05,negative
dumbass,7.369035736450011e-05,negative
ive,7.366740214912566e-05,negative
shitcoins,7.353844138373384e-05,negative
ignoring,7.346111628032395e-05,negative
exit,7.342336513730351e-05,negative
nuclear,7.327781455385148e-05,negative
consensus,7.304971273053098e-05,negative
bill,7.280682944304183e-05,negative
fucker,7.272722581792069e-05,negative
sort,7.234606875297826e-05,negative
liar,7.229921798659008e-05,negative
degree,7.229194118059134e-05,negative
often,7.215503451616482e-05,negative
und,7.21463905971393e-05,negative
name,7.211887833834225e-05,negative
trustless,7.171087810763884e-05,negative
far,7.156192420509715e-05,negative
battle,7.139021401239756e-05,negative
political,7.119167511741425e-05,negative
blocked,7.111480571834661e-05,negative
slavery,7.11068453558345e-05,negative
obvious,7.1100024254178e-05,negative
bank,7.104571222005208e-05,negative
censor,7.093878079787287e-05,negative
assault,7.073228154037744e-05,negative
disagree,7.044231963432899e-05,negative
desperate,7.031973872972881e-05,negative
badly,7.025082969317328e-05,negative
server,7.016805060113367e-05,negative
confused,7.00604790128732e-05,negative
brain,6.996860029746582e-05,negative
asshole,6.979234752482097e-05,negative
extreme,6.945621840889773e-05,negative
totally,6.938822078102671e-05,negative
behind,6.93741228733715e-05,negative
accused,6.929543065693484e-05,negative
extremely,6.918172152353124e-05,negative
terrorism,6.901251770471403e-05,negative
beating,6.899728053620316e-05,negative
bitcoin,0.010913143008366655,neutral
btc,0.002141004342135525,neutral
cur,0.0020886829802239885,neutral
crypto,0.0014056444311340306,neutral
price,0.0011310125278258271,neutral
buy,0.0010196800417425732,neutral
cryptocurrency,0.0008734850266277749,neutral
new,0.0008676928290242158,neutral
blockchain,0.0008346550604723352,neutral
coinbase,0.0008063621129711486,neutral
question,0.0007702302435075251,neutral
00k,0.000699522473946365,neutral
wallet,0.0006649242565357968,neutral
exchange,0.0005937173842245937,neutral
network,0.0005495564822973111,neutral
market,0.0005160559361273658,neutral
future,0.000481348546108954,neutral
trading,0.00047856347251548094,neutral
lightning,0.00047162927465920694,neutral
daily,0.00046734563436899796,neutral
hodl,0.0004511568538124774,neutral
mining,0.000417562366230792,neutral
dip,0.0004056707245701104,neutral
bitcoins,0.0003986827404355623,neutral
hit,0.0003897862805013017,neutral
news,0.0003838863450050169,neutral
update,0.0003741535640173077,neutral
transaction,0.00036772098353184167,neutral
first,0.0003518729862018572,neutral
launch,0.0003513270562174564,neutral
million,0.0003476010527202376,neutral
sell,0.0003339687963144788,neutral
buying,0.0003219112671308771,neutral
fee,0.0003033437056927822,neutral
today,0.000299429102014525,neutral
cash,0.0002949973956233305,neutral
satoshi,0.00028948227449031674,neutral
analysis,0.00028659681192695445,neutral
moon,0.00027987362903448155,neutral
using,0.00027238341857362884,neutral
bull,0.0002707366368382292,neutral
fork,0.000257447867753065,neutral
high,0.0002555495073705285,neutral
cryptocurrencies,0.00025369636096627085,neutral
bought,0.00025104784160465414,neutral
ethereum,0.0002473754863803638,neutral
week,0.00023425654322166986,neutral
binance,0.0002309135053565677,neutral
anyone,0.00022789770611059005,neutral
atm,0.00022789433612692,neutral
digital,0.00021836636348610428,neutral
prediction,0.00021258980016235245,neutral
account,0.00020864505929807527,neutral
status,0.00020430842569221596,neutral
bullish,0.00020370472502420867,neutral
discussion,0.00020220364917287342,neutral
ceo,0.00019631603490684096,neutral
gdax,0.0001911072939321535,neutral
address,0.00018950161469668734,neutral
say,0.00018089538368901278,neutral
whats,0.0001765969995513499,neutral
usd,0.00017353029119595133,neutral
day,0.00017122280146827842,neutral
billion,0.00016887775776530244,neutral
elon,0.0001686863669528078,neutral
payment,0.00016644451924967664,neutral
thought,0.00016575976682006266,neutral
selling,0.00016257390070637283,neutral
00th,0.00015831400697814837,neutral
bch,0.0001573963472200696,neutral
real,0.00015678719782832883,neutral
drop,0.0001551468176492969,neutral
ledger,0.00015376940091351853,neutral
last,0.0001531186835378594,neutral
paypal,0.00015221158828244204,neutral
segwit,0.00015188890795469752,neutral
bubble,0.00015054196681591045,neutral
tax,0.00014962667820708525,neutral
chart,0.00014931157681108583,neutral
000k,0.00014905686365535465,neutral
hour,0.00014663096859639853,neutral
sale,0.0001464193852127165,neutral
invest,0.00014625482400285245,neutral
youtube,0.00014617230245667865,neutral
twitter,0.0001446851610916748,neutral
cap,0.00014341301362963827,neutral
app,0.00014278604281596366,neutral
year,0.00013661277431322415,neutral
watching,0.00013456822616413918,neutral
investor,0.0001341889065263833,neutral
coming,0.00012967278385607852,neutral
musk,0.00012948736418541638,neutral
monday,0.00012887479880822393,neutral
coin,0.00012727960300418836,neutral
reach,0.00012564897796669494,neutral
guide,0.0001245192124068352,neutral
etf,0.00012413472552220322,neutral
transfer,0.00012356183339599274,neutral
halving,0.00012238718133649297,neutral
report,0.00012180111261712574,neutral
social,0.00011958760483680796,neutral
earnings,0.00011951764546212811,neutral
fund,0.00011930237008230351,neutral
nakamoto,0.00011892953853831289,neutral
march,0.00011677153322824446,neutral
purchase,0.00011576718351153216,neutral
salvador,0.000113897685469908,neutral
install,0.00011321994901832466,neutral
rise,0.00011290897549916956,neutral
ico,0.00011259136494857109,neutral
token,0.00011025509941738293,neutral
december,0.00010984193419896575,neutral
ath,0.00010872624659694904,neutral
bear,0.000108189565734487,neutral
cryptotab,0.0001079321024829151,neutral
long,0.00010692021983623942,neutral
key,0.00010655307795722391,neutral
investing,0.00010580950454163883,neutral
volume,0.00010577499853753303,neutral
currency,0.00010480871428189022,neutral
eth,0.00010458413831217851,neutral
growing,0.00010438739077951411,neutral
litecoin,0.00010417391266289583,neutral
kraken,0.0001041735337163085,neutral
noob,0.00010412528269916513,neutral
break,0.0001032808033617579,neutral
nano,0.0001026405584851966,neutral
review,0.00010210406709602827,neutral
month,0.00010202671826289693,neutral
explain,0.00010197855924931718,neutral
tesla,0.00010172777903097045,neutral
old,0.00010155340574545318,neutral
whale,0.00010099766915156567,neutral
ripple,9.996611088563539e-05,neutral
meme,9.98736392584629e-05,neutral
largest,9.918940924694809e-05,neutral
core,9.897142977306447e-05,neutral
adoption,9.869481878650342e-05,neutral
wall,9.672303704205356e-05,neutral
south,9.669910100677543e-05,neutral
november,9.647282524358769e-05,neutral
send,9.64615948513155e-05,neutral
finally,9.547629539986233e-05,neutral
plan,9.467655909058321e-05,neutral
surge,9.428770885403135e-05,neutral
rally,9.173502563709047e-05,neutral
google,9.075873436633421e-05,neutral
gold,9.0599673348152e-05,neutral
trezor,8.949734634641906e-05,neutral
back,8.895228265725589e-05,neutral
advice,8.793223626045487e-05,neutral
regulation,8.775980370965571e-05,neutral
february,8.775463646277959e-05,neutral
technical,8.755746398174608e-05,neutral
stock,8.687906710671807e-05,neutral
live,8.685792716906274e-05,neutral
analyst,8.623891423372056e-05,neutral
sec,8.592386430566925e-05,neutral
june,8.564933752533809e-05,neutral
bitfinex,8.558881127972425e-05,neutral
april,8.543344225768443e-05,neutral
january,8.505715419262659e-05,neutral
july,8.442098572496154e-05,neutral
pro,8.430419911592367e-05,neutral
talk,8.41114819903736e-05,neutral
unconfirmed,8.388691148682854e-05,neutral
august,8.319931695781015e-05,neutral
soon,8.30355136411207e-05,neutral
interview,8.279146245778097e-05,neutral
record,8.245081723659076e-05,neutral
michael,8.227094375939188e-05,neutral
electrum,8.186697619496524e-05,neutral
official,8.170326488183936e-05,neutral
trader,8.062691758599919e-05,neutral
october,8.019536252576733e-05,neutral
firm,7.991671333475812e-05,neutral
newbie,7.988291922204498e-05,neutral
release,7.916897150671317e-05,neutral
robinhood,7.845241716705241e-05,neutral
worth,7.829984970880157e-05,neutral
art,7.820291725997927e-05,neutral
portfolio,7.772434549209575e-05,neutral
xrp,7.753129542174023e-05,neutral
eli0,7.715112042107984e-05,neutral
september,7.683071377285878e-05,neutral
conference,7.605846748965487e-05,neutral
ago,7.595609178326552e-05,neutral
beginner,7.534580008559664e-05,neutral
reading,7.530271631532934e-05,neutral
announces,7.508388147854127e-05,neutral
sold,7.478253056174581e-05,neutral
here,7.451023145915633e-05,neutral
billionaire,7.227947067678551e-05,neutral
canada,7.223733427298639e-05,neutral
central,7.222449062463512e-05,neutral
global,7.222411167804785e-05,neutral
show,7.118805205485231e-05,neutral
alltime,7.107415354700073e-05,neutral
browser,7.089404459472646e-05,neutral
found,7.078152386787845e-05,neutral
segwit0x,7.075057185456979e-05,neutral
peter,7.003439646149624e-05,neutral
waiting,6.986191790891533e-05,neutral
private,6.975475390223708e-05,neutral
cme,6.966981520502793e-05,neutral
top,6.962479070004256e-05,neutral
street,6.956193930695702e-05,neutral
possible,6.937197227724768e-05,neutral
newest,6.928741252662582e-05,neutral
bakkt,6.919366058817975e-05,neutral
dollar,6.887382782600599e-05,neutral
korea,6.857882153146378e-05,neutral
correction,6.83696092970353e-05,neutral
run,6.789743908551971e-05,neutral
fall,6.77835405776681e-05,neutral
platform,6.757835875035407e-05,neutral
friday,6.717969643814896e-05,neutral
late,6.698290290370264e-05,neutral
lost,6.696408811351885e-05,neutral
goldman,6.693948618862995e-05,neutral
pay,6.645926062905203e-05,neutral
explained,6.644290352551902e-05,neutral
pump,6.616999000126687e-05,neutral
startup,6.612714170607504e-05,neutral
giant,6.522142423166127e-05,neutral
looking,6.511402474990754e-05,neutral
trillion,6.505804586334085e-05,neutral
trend,6.490025969026566e-05,neutral
microstrategy,6.473877605488157e-05,neutral
end,6.466014691047664e-05,neutral
happened,6.444970036655648e-05,neutral
dogecoin,6.440685207136462e-05,neutral
venezuela,6.416626287525837e-05,neutral
india,6.40986746498321e-05,neutral
full,6.354393689036086e-05,neutral
move,6.345037442520845e-05,neutral
psa,6.307844424590408e-05,neutral
stuck,6.283339969431442e-05,neutral
podcast,6.252190375706022e-05,neutral
breaking,6.239066024359209e-05,neutral
saylor,6.218125853586995e-05,neutral
predicts,6.207527737073535e-05,neutral
square,6.131601820739453e-05,neutral
tether,6.123691264667237e-05,neutral
japan,6.089982141627929e-05,neutral
jack,6.082204216861258e-05,neutral
finance,6.012013420667571e-05,neutral
hedge,5.98758475482605e-05,neutral
file,5.98758475482605e-05,neutral
institutional,5.983816649994482e-05,neutral
mark,5.977579152317654e-05,neutral
spotted,5.972104694610158e-05,neutral
millionaire,5.926622174020249e-05,neutral
weekly,5.9135167700028e-05,neutral
node,5.9101235581969285e-05,neutral
bittrex,5.868574521608055e-05,neutral
accepts,5.847857118610017e-05,neutral
decentralized,5.8461272182265436e-05,neutral
btcusd,5.7838326309538876e-05,neutral
happen,5.7195761751672276e-05,neutral
nft,5.7114709990065663e-05,neutral
confirmation,5.7025413407103056e-05,neutral
0th,5.644939223846453e-05,neutral
sachs,5.6438632796343175e-05,neutral
gemini,5.6141783236812894e-05,neutral
going,5.565810115616774e-05,neutral
pending,5.563761617579047e-05,neutral
bill,5.529730389940569e-05,neutral
happening,5.4735027743804795e-05,neutral
sent,5.462288596354406e-05,neutral
expert,5.41545512196828e-05,neutral
dominance,5.412876645325027e-05,neutral
guy,5.399454283503227e-05,neutral
happens,5.3921735894781704e-05,neutral
bitmex,5.3550138660282774e-05,neutral
reserve,5.3334955284021796e-05,neutral
withdrawal,5.295274207891334e-05,neutral
difference,5.2899088339818285e-05,neutral
australia,5.257981853135901e-05,neutral
upcoming,5.255754175394176e-05,neutral
green,5.2290030951641155e-05,neutral
short,5.191090078717896e-05,neutral
legit,5.1630638340090685e-05,neutral
mainstream,5.158238732294731e-05,neutral
taproot,5.155176825444405e-05,neutral
hodling,5.113685177460237e-05,neutral
john,5.097963402140806e-05,neutral
doge,5.0946218855282214e-05,neutral
canadian,5.091076548470824e-05,neutral
hack,5.090593118263752e-05,neutral
regarding,5.083483496819599e-05,neutral
issue,5.077407324750665e-05,neutral
facebook,5.066553145982491e-05,neutral
cnbc,5.063268471357994e-05,neutral
hodlers,5.037370567565901e-05,neutral
lntip,5.0110127810742804e-05,neutral
two,4.968753492942603e-05,neutral
ama,4.960278570551049e-05,neutral
latest,4.9403764493322516e-05,neutral
trade,4.8979845298950404e-05,neutral
defi,4.893671006073487e-05,neutral
york,4.8834805304496414e-05,neutral
minute,4.876977770161724e-05,neutral
que,4.835011892326861e-05,neutral
africa,4.834973997668135e-05,neutral
user,4.833642537817925e-05,neutral
may,4.831414860076194e-05,neutral
recovery,4.826693695365029e-05,neutral
bloomberg,4.820735807450461e-05,neutral
affect,4.801113295993921e-05,neutral
song,4.7982362622590446e-05,neutral
past,4.791790343959226e-05,neutral
sunday,4.779357843442473e-05,neutral
fbmebitsecret,4.762891975483074e-05,neutral
test,4.744103693135135e-05,neutral
eos,4.725504884080828e-05,neutral
video,4.6916160347208855e-05,neutral
released,4.687634362471511e-05,neutral
moving,4.68599919873485e-05,neutral
watch,4.666689591521116e-05,neutral
libra,4.62735903231759e-05,neutral
confirmed,4.615514445627724e-05,neutral
tale,4.6146991638484856e-05,neutral
lambo,4.5928489746502234e-05,neutral
target,4.567230680620389e-05,neutral
morgan,4.56613578907889e-05,neutral
survey,4.553234205506251e-05,neutral
00m,4.53654556977268e-05,neutral
tomorrow,4.5347065855912084e-05,neutral
raise,4.506713635362932e-05,neutral
call,4.5053534812103434e-05,neutral
regulator,4.486256894797793e-05,neutral
tonight,4.4435612714741334e-05,neutral
boy,4.43503925406749e-05,neutral
founder,4.4346316131778726e-05,neutral
bitmain,4.408567783599696e-05,neutral
partner,4.3874616870413996e-05,neutral
via,4.383523056245562e-05,neutral
lee,4.360099145476913e-05,neutral
online,4.358421486903353e-05,neutral
bearish,4.3187211814689274e-05,neutral
episode,4.308473863856993e-05,neutral
reveals,4.2942546209686825e-05,neutral
craig,4.2450229428765674e-05,neutral
sending,4.239842442082517e-05,neutral
tip,4.233846659509218e-05,neutral
cryptos,4.225547409876751e-05,neutral
big,4.2016073210371114e-05,neutral
bitstamp,4.194549394786237e-05,neutral
novogratz,4.1892408628648223e-05,neutral
forecast,4.1805529196720974e-05,neutral
withdraw,4.1630444019811065e-05,neutral
city,4.1626746557502136e-05,neutral
000m,4.159612748899885e-05,neutral
open,4.139407470411284e-05,neutral
airdrop,4.127738009863862e-05,neutral
data,4.1105992384037624e-05,neutral
ltc,4.107281269298722e-05,neutral
sat,4.1058120313481467e-05,neutral
verification,4.0948252212744276e-05,neutral
deposit,4.086876770543487e-05,neutral
recap,4.071529341633134e-05,neutral
anonymous,4.05186893551787e-05,neutral
feb,4.025008771489817e-05,neutral
wright,4.023838090630867e-05,neutral
fed,4.022629515113192e-05,neutral
virtual,4.0075949904456375e-05,neutral
president,4.000911957220468e-05,neutral
thursday,3.993190874441881e-05,neutral
japanese,3.9925036237900005e-05,neutral
ver,3.985057550595498e-05,neutral
recent,3.982829872853773e-05,neutral
according,3.9728432176747375e-05,neutral
brief,3.968928134386447e-05,neutral
mempool,3.950381567142044e-05,neutral
antminer,3.937314057783322e-05,neutral
bottom,3.929199681266296e-05,neutral
biggest,3.9066432940867925e-05,neutral
stimulus,3.852979808018775e-05,neutral
dorsey,3.8271766408734965e-05,neutral
officially,3.826266622447444e-05,neutral
tuesday,3.817171038365099e-05,neutral
history,3.8110759189668e-05,neutral
miami,3.795804279373906e-05,neutral
cold,3.793202255223104e-05,neutral
coindesk,3.7829026958012665e-05,neutral
service,3.772404462729431e-05,neutral
crypt,3.7720060221961794e-05,neutral
blockstream,3.7677355398281766e-05,neutral
industry,3.7660814287621505e-05,neutral
switzerland,3.7317229497296894e-05,neutral
tom,3.722366703214448e-05,neutral
launching,3.713455992247548e-05,neutral
max,3.711858723169615e-05,neutral
russia,3.706066761041132e-05,neutral
close,3.6934780817112975e-05,neutral
cofounder,3.6876528251022695e-05,neutral
boom,3.6707224742651626e-05,neutral
breakout,3.66363180015037e-05,neutral
mentor,3.659863695318801e-05,neutral
development,3.655944011852328e-05,neutral
group,3.644061530503739e-05,neutral
cboe,3.640037363417452e-05,neutral
scammed,3.6393122181068474e-05,neutral
mined,3.6185190257913584e-05,neutral
korean,3.615068425380773e-05,neutral
wave,3.61352799829093e-05,neutral
soar,3.609110537466207e-05,neutral
europe,3.57857240507522e-05,neutral
announcement,3.576828157540564e-05,neutral
club,3.565002518180063e-05,neutral
irs,3.5611775713604037e-05,neutral
event,3.547550842477161e-05,neutral
cardano,3.5439153689511297e-05,neutral
keiser,3.530103766952438e-05,neutral
machine,3.5226576937579326e-05,neutral
nasdaq,3.520320932218213e-05,neutral
serious,3.5088460917592356e-05,neutral
per,3.508377008703352e-05,neutral
andreas,3.493735777774238e-05,neutral
alternative,3.462325521615925e-05,neutral
mainnet,3.459339404083048e-05,neutral
former,3.458429385656994e-05,neutral
volatility,3.4489973498243e-05,neutral
pattern,3.4450633192066485e-05,neutral
antonopoulos,3.444840551432475e-05,neutral
split,3.440366248619664e-05,neutral
bitpay,3.438565159096923e-05,neutral
hodler,3.405003014514334e-05,neutral
impact,3.396296123992244e-05,neutral
localbitcoins,3.392343146045229e-05,neutral
swap,3.390764824296656e-05,neutral
mcafee,3.38096304223307e-05,neutral
wednesday,3.366558926229312e-05,neutral
debit,3.366018654034152e-05,neutral
considered,3.349126197855771e-05,neutral
recommendation,3.330935029691081e-05,neutral
dec,3.327816280852667e-05,neutral
introducing,3.307359540287528e-05,neutral
strike,3.299989256410474e-05,neutral
jan,3.290429189450421e-05,neutral
public,3.274627024635356e-05,neutral
limit,3.24977177057486e-05,neutral
black,3.249643739447499e-05,neutral
roger,3.2469136841693444e-05,neutral
mar,3.2394911584823796e-05,neutral
swiss,3.237486248514828e-05,neutral
set,3.236457945934412e-05,neutral
australian,3.226125092032034e-05,neutral
showing,3.22185460966403e-05,neutral
cashapp,3.2214469687744115e-05,neutral
cent,3.200265082898665e-05,neutral
draper,3.192766767894254e-05,neutral
rising,3.1873634993260255e-05,neutral
reached,3.182927091171939e-05,neutral
spike,3.1767085408244736e-05,neutral
lowest,3.164475260574351e-05,neutral
schiff,3.150014302582505e-05,neutral
coinmarketcap,3.1431274489125214e-05,neutral
king,3.136202700583813e-05,neutral
legal,3.129851518930807e-05,neutral
cycle,3.1254530054354476e-05,neutral
explains,3.1197368326244145e-05,neutral
anybody,3.1161346535789276e-05,neutral
mycelium,3.1139638178252934e-05,neutral
jpmorgan,3.107299731929482e-05,neutral
available,3.0995551016433514e-05,neutral
reddit,3.09081031646254e-05,neutral
tweet,3.0811980076925785e-05,neutral
usdt,3.081013134577132e-05,neutral
gox,3.0790082246095807e-05,neutral
bnb,3.0734958722433575e-05,neutral
letter,3.062784071753716e-05,neutral
license,3.0556744503095604e-05,neutral
continues,3.0480624513289735e-05,neutral
warren,3.0309472273764188e-05,neutral
mastercard,3.0118460407856763e-05,neutral
amid,3.0098411308181235e-05,neutral
discus,2.9915552260066197e-05,neutral
winklevoss,2.9878060685044135e-05,neutral
index,2.9875454060715142e-05,neutral
asia,2.9786915370927063e-05,neutral
visa,2.97302760609158e-05,neutral
london,2.959552455843238e-05,neutral
updated,2.958196901868841e-05,neutral
baby,2.9577324189911303e-05,neutral
signal,2.9488027606948696e-05,neutral
ipo,2.946873640044771e-05,neutral
jump,2.939910997057336e-05,neutral
project,2.9389584837943698e-05,neutral
launched,2.9301281623231106e-05,neutral
blockchains,2.917691061628181e-05,neutral
regulate,2.8874514863288134e-05,neutral
national,2.8820671650899487e-05,neutral
north,2.8791901313550707e-05,neutral
manager,2.875180311419965e-05,neutral
crackdown,2.871431153917759e-05,neutral
reminder,2.8346365765205778e-05,neutral
chief,2.8342668302896862e-05,neutral
gbtc,2.826005475315942e-05,neutral
best,0.0032789968554827096,positive
good,0.003200932063232844,positive
like,0.0030015514464665884,positive
free,0.002999388090046927,positive
help,0.00278366057361187,positive
would,0.0022147514337410336,positive
get,0.0017822965861760366,positive
better,0.0014205733865087957,positive
great,0.0013221746441946488,positive
value,0.0012385723595960318,positive
support,0.0011446654823589301,positive
time,0.0011391689182957427,positive
thanks,0.0011276747298383444,positive
lol,0.0009933238958602453,positive
profit,0.0009600988403083669,positive
please,0.0009527295412146714,positive
amazing,0.00093010025316147,positive
way,0.000892190834827231,positive
love,0.0008863652439513258,positive
yes,0.0008849086917213155,positive
freedom,0.0008730596667618071,positive
friend,0.0008457640955969022,positive
well,0.0007906862551424589,positive
see,0.0007870317322175844,positive
easy,0.0007520226795753637,positive
safe,0.0007175046281911747,positive
thank,0.0007151078549800895,positive
make,0.0007141964184736184,positive
every,0.0006829235055223835,positive
hope,0.000672925976617682,positive
pretty,0.000672915147267271,positive
true,0.0006604549189399502,positive
stronger,0.000639015683317059,positive
also,0.0006362942601992046,positive
nice,0.0006262953199743116,positive
union,0.0006240119597638845,positive
phoenix,0.0006192144422732481,positive
synonymous,0.0006166062661235857,positive
interest,0.0006132843352424117,positive
strategic,0.0006129270635384913,positive
proclaimed,0.000609628234964879,positive
add,0.0005994254096134921,positive
step,0.0005965089567288687,positive
engage,0.0005959519646862071,positive
behavior,0.0005941167772301119,positive
type,0.0005902970882683315,positive
happy,0.0005873897582352699,positive
european,0.0005837786495716829,positive
sheet,0.0005823885170508785,positive
people,0.0005776295987030937,positive
balance,0.0005653247817177992,positive
banning,0.0005641181577966673,positive
trust,0.0005624413749551762,positive
tim,0.0005609880051173027,positive
url,0.0005547247202851782,positive
apple,0.000550120484576459,positive
interesting,0.0005410126735040385,positive
gift,0.0005365838474250482,positive
mistake,0.0005262212061388656,positive
wait,0.0005195944416515587,positive
major,0.000509005038937155,positive
win,0.0004993992068920187,positive
come,0.0004971316986689073,positive
gain,0.0004884638553217772,positive
rich,0.00048327857975349393,positive
need,0.0004759709129373889,positive
smart,0.0004676400570272739,positive
sure,0.0004482789497412198,positive
asset,0.0004396116321783092,positive
wealth,0.000438070543682161,positive
dead,0.0004252752281359611,positive
whose,0.0004235352402639488,positive
thing,0.0004223563492489822,positive
earn,0.0004194944028681673,positive
card,0.00041475185309246244,positive
really,0.00041056970835711836,positive
want,0.00040303114301186004,positive
reward,0.0004027219438546512,positive
revolution,0.0003980560527812485,positive
chinese,0.0003797537635465714,positive
store,0.0003630926189965634,positive
use,0.0003630781829291672,positive
miner,0.00035998005708991177,positive
much,0.0003590995958551112,positive
welcome,0.0003577523840979228,positive
interested,0.00035711102182158953,positive
party,0.00034865025059281743,positive
fun,0.00034677489584066727,positive
one,0.00033260248172032204,positive
opportunity,0.00032839512694081153,positive
thats,0.00032752966444390204,positive
share,0.00032314855115987034,positive
super,0.0003209768974512522,positive
secure,0.00031573658959494134,positive
lot,0.0003154877774275975,positive
save,0.0003093158779441015,positive
luck,0.00030574181875752825,positive
money,0.00030208812139525826,positive
awesome,0.0002975916211198816,positive
strong,0.00028827152157291175,positive
care,0.0002840392657270738,positive
submission,0.0002838270095390723,positive
place,0.00028352637976238537,positive
definitely,0.0002829554405502715,positive
enjoy,0.0002718454726263575,positive
cant,0.00027148403613468444,positive
something,0.00026816958617931837,positive
bonus,0.0002676309044128756,positive
wow,0.00026445658108244224,positive
even,0.0002627200753809512,positive
join,0.00025546582661394057,positive
wish,0.00025525586728210336,positive
next,0.00024703370611385404,positive
give,0.0002444033777656983,positive
benefit,0.0002423562938733548,positive
increase,0.00023832717136395665,positive
security,0.00023657632185498532,positive
^^respond,0.00023459956416721787,positive
^^please,0.00023459956416721787,positive
^^rbitcoin,0.00023459956416721787,positive
^^moderators,0.00023459956416721787,positive
^^directly,0.00023459956416721787,positive
^^via,0.00023459956416721787,positive
^^mod,0.00023459956416721787,positive
^^mail,0.00023459956416721787,positive
^^if,0.00023459956416721787,positive
^^you,0.00023459956416721787,positive
^^have,0.00023459956416721787,positive
^^questions,0.00023459956416721787,positive
^^and,0.00023442376709891525,positive
^^contact,0.00023442376709891525,positive
^^am,0.00023354478175740222,positive
^^i,0.00023301739055249434,positive
^^bot,0.00023301739055249434,positive
^^a,0.00023196260814267868,positive
profitable,0.00022508716063421912,positive
etc,0.00022495149857542382,positive
popular,0.00022369788136283945,positive
valuable,0.00021844106658880233,positive
energy,0.00021814129006154015,positive
perfect,0.00021768944141739978,positive
contract,0.00021738484057224705,positive
useful,0.00021461028538450136,positive
credit,0.0002111014329059562,positive
huge,0.0002083094852645118,positive
amount,0.00020538128520695704,positive
agree,0.00020270393128080094,positive
play,0.0002015254968772309,positive
funny,0.00019978862682425977,positive
worth,0.00019848184985496345,positive
investment,0.00019607027622500122,positive
easier,0.0001956287634336002,positive
yeah,0.0001949181265211297,positive
amazon,0.00019400668541493134,positive
positive,0.00019184556587806663,positive
hand,0.0001916968098992438,positive
feel,0.00019109131638529449,positive
term,0.0001894795096462694,positive
ive,0.00018707161190611554,positive
look,0.0001862746353690143,positive
haha,0.00018622547436758865,positive
try,0.0001849831477165391,positive
point,0.0001839576709658198,positive
giving,0.00018207955814638136,positive
link,0.0001819581384356957,positive
work,0.00018126282772632147,positive
flagged,0.00018121225540470394,positive
accept,0.00018004803106269596,positive
always,0.0001771905169614704,positive
success,0.00017607597480537998,positive
understand,0.00017312752736719519,positive
appreciate,0.00017159500365184152,positive
subreddit,0.00017079234954742498,positive
honest,0.00017026298895155817,positive
though,0.00016922468117292096,positive
altcoin,0.00016884177969971254,positive
system,0.00016827927612220195,positive
favorite,0.0001679086798926922,positive
everyone,0.00016779205221334947,positive
lmao,0.00016207774351440445,positive
create,0.0001612471627845358,positive
cool,0.00016067989946223028,positive
hopefully,0.00016007758834041773,positive
method,0.00015804464993654044,positive
trusted,0.0001578272742519909,positive
example,0.00015778707466938797,positive
many,0.00015581901550833352,positive
truly,0.00015531226372235673,positive
easiest,0.0001518242489817567,positive
recommend,0.00015104184225797043,positive
actually,0.00014925985144486243,positive
friendly,0.0001489639122401475,positive
united,0.00014879523634589973,positive
removal,0.00014588531427801627,positive
sharing,0.00014471344297773393,positive
instead,0.00014398997503734543,positive
however,0.0001437236043838366,positive
ready,0.00014188641525023473,positive
china,0.00014144897498667036,positive
able,0.0001411208106228321,positive
seems,0.00013938791163832672,positive
chance,0.00013808982859601606,positive
far,0.00013803282691702938,positive
community,0.0001360933493118377,positive
created,0.00013604835769789208,positive
successful,0.00013592358956260341,positive
boost,0.00013547426838018926,positive
le,0.00013439576101894918,positive
solution,0.00013243895553315425,positive
enough,0.00013095191692941795,positive
find,0.00013071570518443005,positive
check,0.00013018289930431662,positive
maybe,0.0001301042712110558,positive
growth,0.00012993165653488994,positive
earning,0.00012880536720586826,positive
congrats,0.00012880480913510104,positive
channel,0.0001280106875249312,positive
beautiful,0.00012767737137799723,positive
might,0.00012689204515418386,positive
glad,0.00012636872187738525,positive
andor,0.00012529142751732287,positive
made,0.00012489070926556718,positive
hoping,0.00012430217928074053,positive
charity,0.00012390670967172402,positive
family,0.00012378958849470958,positive
pertains,0.00012354799436106392,positive
special,0.00012294423963251174,positive
easily,0.00012200569286373807,positive
kind,0.00012195581235880629,positive
active,0.0001209799855074568,positive
idea,0.00012032772930761694,positive
keep,0.00011950052928889898,positive
clear,0.0001186763779163995,positive
others,0.00011866154521097478,positive
honestly,0.0001183017137587804,positive
clearly,0.00011819942528719062,positive
sound,0.00011779053429294127,positive
making,0.00011775745588439319,positive
appreciated,0.00011747402024239095,positive
least,0.00011735345378113002,positive
ill,0.00011650580806276789,positive
fair,0.00011486725541292055,positive
thread,0.00011405065413905183,positive
start,0.00011403175350551808,positive
probably,0.00011338218620014317,positive
efficient,0.00011193997317788614,positive
youll,0.00011029794295724455,positive
income,0.00010983237774921383,positive
original,0.000108633433072904,positive
dont,0.0001083061957310406,positive
improve,0.00010825364941873681,positive
lucky,0.00010749660957212874,positive
prize,0.0001071800632350306,positive
game,0.00010699537392072818,positive
approved,0.00010593780115707665,positive
excellent,0.00010499157514348091,positive
winner,0.00010491891979619272,positive
clean,0.00010466505270539643,positive
post,0.00010456578519320455,positive
stable,0.00010349515079607311,positive
winning,0.00010263355790825878,positive
topic,0.00010238907656113388,positive
greatest,0.00010192410171041817,positive
helpful,0.00010151153482636044,positive
accepting,0.00010148016291666175,positive
safest,9.977151466780022e-05,positive
quite,9.940508782577031e-05,positive
stuff,9.919594945680994e-05,positive
small,9.81132081349942e-05,positive
cheer,9.737674313422166e-05,positive
top,9.72478747842759e-05,positive
platform,9.713790706786425e-05,positive
little,9.694445465375319e-05,positive
holiday,9.674706345772406e-05,positive
primarily,9.645558881914668e-05,positive
option,9.600479174344512e-05,positive
take,9.54943686673872e-05,positive
life,9.530015986349504e-05,positive
feedback,9.501045629686252e-05,positive
certain,9.49771149962048e-05,positive
safely,9.398816193827995e-05,positive
laugh,9.314678414454799e-05,positive
exciting,9.281770195818947e-05,positive
approval,9.250913004457087e-05,positive
learn,9.242731955917319e-05,positive
excited,9.240228014720027e-05,positive
site,9.236119502862487e-05,positive
similar,9.229513507117218e-05,positive
promotion,9.217719293128086e-05,positive
important,9.184893170779924e-05,positive
perfectly,9.184811074492237e-05,positive
won,9.138796021209721e-05,positive
youre,9.052079121633829e-05,positive
offer,9.009096102477313e-05,positive
powerful,8.92667127926302e-05,positive
wise,8.919320419591732e-05,positive
safety,8.915644989756091e-05,positive
either,8.85033727348441e-05,positive
certainly,8.818315050793761e-05,positive
simply,8.816917105193762e-05,positive
celebrate,8.805237734012845e-05,positive
supporting,8.723607124491722e-05,positive
richest,8.631862510619841e-05,positive
christmas,8.615762845677271e-05,positive
spend,8.576212656120831e-05,positive
think,8.567493828688048e-05,positive
progress,8.545302886337039e-05,positive
world,8.485794037498343e-05,positive
rbitcoin,8.452642758654215e-05,positive
rbitcoinnew,8.375973910415292e-05,positive
congratulation,8.271122461896746e-05,positive
ability,8.262403174491209e-05,positive
bit,8.173986233375545e-05,positive
course,8.158290132589117e-05,positive
saved,8.080879649078964e-05,positive
business,8.077709711588562e-05,positive
dedicated,8.020162876453877e-05,positive
advantage,8.015374993711386e-05,positive
there,7.953513021658907e-05,positive
put,7.947727528817789e-05,positive
already,7.937298513908128e-05,positive
several,7.899126438050294e-05,positive
sign,7.856271636293838e-05,positive
based,7.829801992173107e-05,positive
hardware,7.812163249611343e-05,positive
download,7.748174611306761e-05,positive
read,7.623344671604533e-05,positive
previous,7.546820184039585e-05,positive
safer,7.427296534044214e-05,positive
visit,7.410514269561906e-05,positive
merry,7.369001606328732e-05,positive
fine,7.36481099818351e-05,positive
proud,7.358145966706739e-05,positive
hey,7.350621228495745e-05,positive
quality,7.321161982733879e-05,positive
resource,7.197562567401501e-05,positive
person,7.181945334247986e-05,positive
part,7.157326549650565e-05,positive
rate,7.156699757187538e-05,positive
incentive,7.132372922592819e-05,positive
state,7.096809944776147e-05,positive
feature,7.096186380967914e-05,positive
anything,7.094585038962449e-05,positive
god,7.01395849684952e-05,positive
whatever,6.949622101465509e-05,positive
wouldnt,6.896397320530894e-05,positive
sweet,6.894976314374701e-05,positive
superior,6.864660590533391e-05,positive
successfully,6.845285831256542e-05,positive
healthy,6.822320967086518e-05,positive
confidence,6.821067382160482e-05,positive
job,6.820893503620769e-05,positive
rather,6.780007632850615e-05,positive
phone,6.76134176232448e-05,positive
page,6.718122600241956e-05,positive
website,6.686179245184208e-05,positive
precious,6.676127505219733e-05,positive
hahaha,6.657921005926454e-05,positive
third,6.650625953331886e-05,positive
content,6.48514305713072e-05,positive
fact,6.480466788541658e-05,positive
faith,6.457449345949697e-05,positive
fast,6.443285865472903e-05,positive
especially,6.411404774801433e-05,positive
personally,6.400834627872588e-05,positive
choice,6.39678838040133e-05,positive
provide,6.39678838040133e-05,positive
improvement,6.393683935951986e-05,positive
consider,6.353365821913353e-05,positive
intelligence,6.348751817710573e-05,positive
comfortable,6.30148317950202e-05,positive
dream,6.275354835151155e-05,positive
effective,6.249997643937273e-05,positive
click,6.233812654052234e-05,positive
project,6.228138775364546e-05,positive
respect,6.179137349095678e-05,positive
surely,6.166316007142161e-05,positive
basically,6.148591939637938e-05,positive
instant,6.116681331100722e-05,positive
ideal,6.114745146634948e-05,positive
creating,6.108162211445866e-05,positive
succeed,6.0966239722841355e-05,positive
simple,6.074367996864816e-05,positive
contribute,6.063344936012669e-05,positive
choose,6.057474118229073e-05,positive
looking,6.048121581050958e-05,positive
front,5.997213488182068e-05,positive
submitted,5.977782921828502e-05,positive
box,5.972653739316139e-05,positive
therefore,5.955074032485879e-05,positive
promising,5.935272648496694e-05,positive
believe,5.9280006564583175e-05,positive
paying,5.914897050466434e-05,positive
cost,5.912386651959578e-05,positive
faucet,5.906010341830737e-05,positive
acceptance,5.87706304572368e-05,positive
convinced,5.874726525756541e-05,positive
individual,5.846973778844022e-05,positive
secured,5.8297944075151274e-05,positive
require,5.803666063164265e-05,positive
follow,5.7942051404874886e-05,positive
level,5.765454783476337e-05,positive
birthday,5.734886313462404e-05,positive
bright,5.705482874777264e-05,positive
favor,5.666818681166033e-05,positive
relax,5.606101908540946e-05,positive
wealthy,5.594163333877849e-05,positive
directly,5.573761446636615e-05,positive
agreement,5.5552431654392175e-05,positive
trustworthy,5.531480858921241e-05,positive
sticky,5.50062366755938e-05,positive
doesnt,5.487960060871692e-05,positive
protect,5.476375700597572e-05,positive
human,5.455632513586472e-05,positive
wanted,5.3959691581367385e-05,positive
highly,5.383462826742119e-05,positive
gaining,5.368419807629679e-05,positive
bar,5.3210363266129106e-05,positive
sense,5.306531546366239e-05,positive
peace,5.3035714625908657e-05,positive
okay,5.297529994922334e-05,positive
source,5.097340598983946e-05,positive
hilarious,5.0938685655537697e-05,positive
wonderful,5.08284227604684e-05,positive
valued,5.061672464323405e-05,positive
grand,5.027766635588919e-05,positive
online,5.001405376966843e-05,positive
receive,4.990211666229755e-05,positive
hero,4.984088102273541e-05,positive
brilliant,4.979785879974881e-05,positive
playing,4.97311761984333e-05,positive
greater,4.9691862151802894e-05,positive
given,4.965110449843278e-05,positive
saving,4.961661476969288e-05,positive
around,4.9540481851610414e-05,positive
inspired,4.929468604393703e-05,positive
property,4.918297954212809e-05,positive
payment,4.910848854979954e-05,positive
metal,4.9068450399935486e-05,positive
car,4.9062445367414984e-05,positive
encourage,4.8882972409303995e-05,positive
solid,4.8830827334755695e-05,positive
hold,4.880139252946814e-05,positive
nokyc,4.877356276365938e-05,positive
confident,4.876188016382369e-05,positive
tool,4.852451999075362e-05,positive
process,4.835499084708116e-05,positive
side,4.8327064221628964e-05,positive
award,4.8215685185025307e-05,positive
product,4.81683644283676e-05,positive
otherwise,4.7101341347949007e-05,positive
strength,4.701559208063327e-05,positive
treat,4.674918914057661e-05,positive
fantastic,4.6603025196575574e-05,positive
increased,4.6601876768493416e-05,positive
supporter,4.6483639449944596e-05,positive
learning,4.6421518274409956e-05,positive
brave,4.6051415542571676e-05,positive
appropriate,4.602263566769477e-05,positive
capital,4.5884413860625454e-05,positive
contact,4.577844949922732e-05,positive
knowledge,4.553626500826671e-05,positive
apps,4.5259032717799005e-05,positive
relevant,4.496499833094761e-05,positive
celebrating,4.4711426418808784e-05,positive
helping,4.453362767299935e-05,positive
practice,4.430227253244976e-05,positive
although,4.413986456283219e-05,positive
rest,4.4097400410612756e-05,positive
layer,4.389567839436473e-05,positive
intelligent,4.386292745102198e-05,positive
form,4.380933876973401e-05,positive
excel,4.359567126154064e-05,positive
technology,4.350614924477324e-05,positive
effectively,4.324578362378476e-05,positive
plus,4.303293707846821e-05,positive
early,4.294686034594724e-05,positive
youd,4.2863407934795806e-05,positive
lottery,4.2380187380956736e-05,positive
laughing,4.233545865912079e-05,positive
goal,4.225082553333941e-05,positive
curious,4.20867110648725e-05,positive
information,4.205021965862578e-05,positive
figure,4.19080590696384e-05,positive
currently,4.190661546289872e-05,positive
meant,4.1821161374240514e-05,positive
willing,4.179238149936362e-05,positive
decision,4.176901629969221e-05,positive
class,4.1713458227445244e-05,positive
loved,4.156502971382767e-05,positive
allow,4.149519700692321e-05,positive
promise,4.145361839067624e-05,positive
imo,4.138808421744289e-05,positive
approves,4.130404144897652e-05,positive
significant,4.12553093721269e-05,positive
innovative,4.11829492034962e-05,positive
advance,4.116755842730434e-05,positive
edit,4.102822047870067e-05,positive
keeping,4.09233722588369e-05,positive
richer,4.091654626343954e-05,positive
